REGIÃO	Medido	Faturado	Saldo	Medido	Faturado	Saldo	Medido	Faturado	Saldo	Total Medido	Total Faturado	Total Saldo	% Fat.	Observações
														
NORTE	24.338,00	7.732,00	16.606,00	92.934,85	46.077,74	46.857,11	13.260,00	13.260,00	0,00	130.532,85	67.069,74	63.463,11	0,51	
VILA KOSMOS	2.218,00		2.218,00	25.525,00		25.525,00			-	27.743,00	0,00	27.743,00	0,00	
SUL	34.907,00	21.673,00	13.234,00	127.252,67	63.715,00	63.537,67			-	162.159,67	85.388,00	76.771,67	0,53	
LESTE	22.031,00		22.031,00	82.695,67		82.695,67			-	104.726,67	0,00	104.726,67	0,00	
BAIXADA I	43.809,00		43.809,00	82.217,33	55.145,94	27.071,39			-	126.026,33	55.145,94	70.880,39	0,44	
BAIXADA II	2.332,00		2.332,00	38.920,00		38.920,00			-	41.252,00	0,00	41.252,00	0,00	
COMUNIDADE	6.021,00		6.021,00	52.705,80		52.705,80			-	58.726,80	0,00	58.726,80	0,00	
INTERIOR	3.398,00		3.398,00	11.815,60	7.822,00	3.993,60			-	15.213,60	7.822,00	7.391,60	0,51	
GRANDE DIÂMETRO	15.227,00		15.227,00	11.985,00		11.985,00			-	27.212,00	0,00	27.212,00	0,00	
VCG	285.152,00	68.755,00	216.397,00	580.142,67	282.801,67	297.341,00			-	865.294,67	351.556,67	513.738,00	0,41	
▶  TOTAL DO MÊS	439.433,00	98.160,00	341.273,00	1.106.194,59	455.562,35	650.632,24	13.260,00	13.260,00	0,00	1.558.887,59	566.982,35	991.905,24	0,36	
