O	C	Dt. abertura	Dt. previsão entrega	Número	Cliente	Nome local de entrega	Equipamento	Patr./Núm. série	Status patrimônio	Marca patrimônio	Modelo patrimônio	Res. execução	Tipo de O.M.	Situação de Execução	Dt. de conclusão	Dt. entrega	Complemento	Dt. prevista saída situação	Dt. fechamento	Dt. autorização fatur.	Total previsto	Total Gasto (R$)	Vl. orçamento	Cidade	Téc. levantamento	Código cliente	Empresa origem	Dt. validade	Atendente	Empresa executora	Dt. previsão de execução	Tipo encerramento	Dt. autorização exec.	GARANTIA (NÚMERO DIAS):	DATA DE CHEGADA	OM RETIRADA	PREVISÃO DE ENTREGA
5 - Oficina executando ordem de manutenção	2 - Comercial Elaborando proposta	21/08/2026 08:34:22	21/08/2026	034667	AEGEA SANEAMENTO E PARTICIPACOES S.A.	VCG - RIO DE JANEIRO - COMUNIDADES - BLOCO 4	BOMBA DE MANGOTE 3"	23125-393	MANUTENÇÃO	BRANCO	G2 - 3"	OFICINA 4	Corretiva de retorno	NECESSÁRIO DESATIVAR				20/08/2026 21:00:00			0,00	0,00	0,00	RIO DE JANEIRO	OFICINA 4	267	NOVA OPÇÃO		ROGER SALVADOR FIRMO	NOVA OPÇÃO	21/08/2026		21/08/2026 08:35:10				
6 - Oficina concluiu serviço	2 - Comercial Elaborando proposta	27/08/2026 12:11:45	27/08/2026	035163	AGUAS DO RIO 1 SPE S.A	AGUAS DO RIO 1 SPE S.A	CORTADORA MANUAL HUSQVARNA	240815-133				OFICINA 2	Corretiva de retorno		31/08/2026 12:22:03						1.097,20	1.097,20	0,00	RIO DE JANEIRO	LETÍCIA NASCIMENTO DOS SANTOS BATISTA	29	NOVA OPÇÃO		LETÍCIA NASCIMENTO DOS SANTOS BATISTA	NOVA OPÇÃO	28/08/2026		27/08/2026 12:16:27				
5 - Oficina executando ordem de manutenção	2 - Comercial Elaborando proposta	02/09/2026 14:53:09	02/09/2026	035577	TEL TELECOMUNICACOES LTDA.	OBRA BENFICA	BOMBA SUBMERSÍVEL SPV 3" (ÁGUA SUJA)	10106-028	LOCADO	SPV	P-30C2 3"	OFICINA 1	Corretiva de retorno	AGUARDANDO PEÇAS				01/10/2026 21:00:00			0,00	0,00	0,00	RIO DE JANEIRO	OFICINA 1	150	NOVA OPÇÃO		ADONAI PACHECO BONAVITA		02/09/2026		02/09/2026 14:55:16				
5 - Oficina executando ordem de manutenção	2 - Comercial Elaborando proposta	09/09/2026 08:38:36	09/09/2026	035890	AGUAS DO RIO 1 SPE S.A	BASE SUL - ROCHA	BOMBA DE MANGOTE 3"	24015-238	LOCADO	BRANCO	G2 - 3"	OFICINA 4	Corretiva de retorno								0,00	0,00	0,00	RIO DE JANEIRO	OFICINA 4	29	NOVA OPÇÃO		ROGER SALVADOR FIRMO	NOVA OPÇÃO	09/09/2026		09/09/2026 08:39:25				
5 - Oficina executando ordem de manutenção	2 - Comercial Elaborando proposta	09/09/2026 08:58:43	09/09/2026	035896	AGUAS DO RIO 4 SPE S.A	BASE NORTE- CAMPINHO	BOMBA DE MANGOTE 3"	24035-014	LOCADO	BRANCO	G2 - 3"	OFICINA 4	Corretiva de retorno								0,00	0,00	0,00	RIO DE JANEIRO	OFICINA 4	42	NOVA OPÇÃO		ROGER SALVADOR FIRMO	NOVA OPÇÃO	09/09/2026		09/09/2026 08:59:45				
5 - Oficina executando ordem de manutenção	2 - Comercial Elaborando proposta	09/09/2026 09:01:18	09/09/2026	035897	AGUAS DO RIO 1 SPE S.A	BASE SUL - ROCHA	BOMBA DE MANGOTE 3"	24085-756	LOCADO	BRANCO	G2 - 3"	OFICINA 4	Corretiva de retorno								0,00	0,00	0,00	RIO DE JANEIRO	OFICINA 4	29	NOVA OPÇÃO		ROGER SALVADOR FIRMO	NOVA OPÇÃO	09/09/2026		09/09/2026 09:02:21				
5 - Oficina executando ordem de manutenção	2 - Comercial Elaborando proposta	09/09/2026 09:03:59	09/09/2026	035899	AGUAS DO RIO 4 SPE S.A	BASE SUL - ROCHA	BOMBA DE MANGOTE 3"	24115-810	LOCADO	BRANCO	G2 - 3"	OFICINA 4	Corretiva de retorno								0,00	0,00	0,00	RIO DE JANEIRO	OFICINA 4	42	NOVA OPÇÃO		ROGER SALVADOR FIRMO	NOVA OPÇÃO	09/09/2026		09/09/2026 09:04:50				
5 - Oficina executando ordem de manutenção	2 - Comercial Elaborando proposta	09/09/2026 09:11:54	09/09/2026	035903	AGUAS DO RIO 4 SPE S.A	BASE NORTE - ILHA	CORTADORA PISO NORTON	13052-022	LOCADO	NORTON	C13E	OFICINA 3	Corretiva de retorno								0,00	0,00	0,00	RIO DE JANEIRO	OFICINA 3	42	NOVA OPÇÃO		ROGER SALVADOR FIRMO	NOVA OPÇÃO	09/09/2026		09/09/2026 09:12:46				
5 - Oficina executando ordem de manutenção	2 - Comercial Elaborando proposta	10/09/2026 09:15:22	10/09/2026	035980	AGUAS DO RIO 4 SPE S.A	BASE NORTE - ILHA	BOMBA DE MANGOTE 3"	21065-678	LOCADO	BRANCO	G2 - 3"	OFICINA 4	Corretiva de retorno								0,00	0,00	0,00	RIO DE JANEIRO	OFICINA 4	42	NOVA OPÇÃO		ROGER SALVADOR FIRMO	NOVA OPÇÃO	10/09/2026		10/09/2026 09:16:43				
5 - Oficina executando ordem de manutenção	2 - Comercial Elaborando proposta	10/09/2026 09:18:44	10/09/2026	035981	AGUAS DO RIO 4 SPE S.A	BASE NORTE - ILHA	BOMBA DE MANGOTE 3"	25025-321	LOCADO	BRANCO	G2 - 3"	OFICINA 4	Corretiva de retorno								0,00	0,00	0,00	RIO DE JANEIRO	OFICINA 4	42	NOVA OPÇÃO		ROGER SALVADOR FIRMO	NOVA OPÇÃO	10/09/2026		10/09/2026 09:19:11				
5 - Oficina executando ordem de manutenção	2 - Comercial Elaborando proposta	11/09/2026 09:16:34	11/09/2026	036070	AEGEA SANEAMENTO E PARTICIPACOES S.A.	VCG RIO BONITO LAGOS  BLOCO 1	BOMBA DE MANGOTE 3"	24095-447	LOCADO	BRANCO	G2 - 3"	OFICINA 4	Corretiva de retorno								0,00	0,00	0,00	RIO BONITO	OFICINA 4	267	NOVA OPÇÃO		ROGER SALVADOR FIRMO	NOVA OPÇÃO	11/09/2026		11/09/2026 09:17:29				
5 - Oficina executando ordem de manutenção	2 - Comercial Elaborando proposta	11/09/2026 09:18:51	11/09/2026	036072	AGUAS DO RIO 4 SPE S.A	BASE NORTE- PENHA	BOMBA DE MANGOTE 3"	24015-405	LOCADO	BRANCO	G2 - 3"	OFICINA 4	Corretiva de retorno								0,00	0,00	0,00	RIO DE JANEIRO	OFICINA 4	42	NOVA OPÇÃO		ROGER SALVADOR FIRMO	NOVA OPÇÃO	11/09/2026		11/09/2026 09:19:35				
5 - Oficina executando ordem de manutenção	2 - Comercial Elaborando proposta	11/09/2026 09:25:52	11/09/2026	036075	AGUAS DO RIO 4 SPE S.A	BASE BAIXADA II - NOVA IGUAÇU	BOMBA DE MANGOTE 3"	25025-852	LOCADO	BRANCO	G2 - 3"	OFICINA 4	Corretiva de retorno								46,38	46,38	28,00	NOVA IGUAÇU	OFICINA 4	42	NOVA OPÇÃO		ROGER SALVADOR FIRMO	NOVA OPÇÃO	11/09/2026		11/09/2026 09:27:25				
6 - Oficina concluiu serviço	2 - Comercial Elaborando proposta	15/09/2026 08:43:05	15/09/2026	036203	AGUAS DO RIO 4 SPE S.A	BASE SUL - ROCHA	GRUPO GERADOR 3,5KVA MONOF.	240115-385	LOCADO	CSM	GM-3500	OFICINA 3	Corretiva de retorno		15/09/2026 16:38:40						425,26	425,26	0,00	RIO DE JANEIRO	OFICINA 3	42	NOVA OPÇÃO		ROGER SALVADOR FIRMO	NOVA OPÇÃO	15/09/2026		15/09/2026 08:43:58				
5 - Oficina executando ordem de manutenção	2 - Comercial Elaborando proposta	15/09/2026 13:17:46	15/09/2026	036238	AGUAS DO RIO 4 SPE S.A	BASE NORTE - ILHA	MARTELO ROMPEDOR 30KG	200414-212	LOCADO	BOSCH	1130A	OFICINA 2	Corretiva de retorno	AGUARDANDO PEÇAS				14/10/2026 21:00:00			0,00	0,00	0,00	RIO DE JANEIRO	THAIS ALVES FERREIRA DE JESUS MARTINS	42	NOVA OPÇÃO		THAIS ALVES FERREIRA DE JESUS MARTINS	NOVA OPÇÃO	15/09/2026		15/09/2026 13:18:49				
6 - Oficina concluiu serviço	2 - Comercial Elaborando proposta	15/09/2026 15:47:00	15/09/2026	036268	AEGEA SANEAMENTO E PARTICIPACOES S.A.	SETORIZADA - BAIXADA 1 - BELFORD ROXO- BLOCO 4 VCG	MARTELO ROMPEDOR 30KG	250114-748 SN: 428000371	LOCADO	BOSCH	1130A	OFICINA 2	Corretiva de retorno		16/09/2026 08:04:08						17,58	17,58	0,00	RIO DE JANEIRO	OFICINA 2	267	NOVA OPÇÃO		MATHEUS RODRIGUES	NOVA OPÇÃO	15/09/2026		15/09/2026 15:48:05				
5 - Oficina executando ordem de manutenção	2 - Comercial Elaborando proposta	16/09/2026 07:34:12	16/09/2026	036303	AEGEA SANEAMENTO E PARTICIPACOES S.A.	SETORIZADA- RIO DE JANEIRO-CENTRO SUL- BLOCO 4 VCG	GRUPO GERADOR 3,5KVA MONOF.	250115-648 SN: 168F224007927	LOCADO	CSM	GM-3500	OFICINA 3	Corretiva de retorno								24,58	24,58	0,00	RIO DE JANEIRO	THAIS ALVES FERREIRA DE JESUS MARTINS	267	NOVA OPÇÃO		THAIS ALVES FERREIRA DE JESUS MARTINS	NOVA OPÇÃO	16/09/2026		16/09/2026 07:34:53				
5 - Oficina executando ordem de manutenção	2 - Comercial Elaborando proposta	16/09/2026 08:04:01	16/09/2026	036314	AGUAS DO RIO 1 SPE S.A	GRANDE DIÂMETRO - BAIXADA 1	CORTADORA MANUAL HUSQVARNA	241125-206	LOCADO	HUSQVARNA	K770	OFICINA 2	Corretiva de retorno								0,00	0,00	0,00	RIO DE JANEIRO	OFICINA 2	29	NOVA OPÇÃO		ROGER SALVADOR FIRMO	NOVA OPÇÃO	16/09/2026		16/09/2026 08:07:46				
5 - Oficina executando ordem de manutenção	2 - Comercial Elaborando proposta	16/09/2026 08:13:42	16/09/2026	036317	AGUAS DO RIO 4 SPE S.A	BASE BAIXADA II - NILOPOLIS	GRUPO GERADOR 3,5KVA MONOF.	240115-307	LOCADO	CSM	GM-3500	OFICINA 3	Corretiva de retorno								0,00	0,00	0,00	NILÓPOLIS	OFICINA 3	42	NOVA OPÇÃO		ROGER SALVADOR FIRMO	NOVA OPÇÃO	16/09/2026		16/09/2026 08:14:43
